column	count
participant_id	446
age	341
sex	318
group	94
handedness	67
gender	57
weight	20
Age	16
hand	16
BMI	9
Sex	9
session	8
Gender	8
ethnicity	8
race	7
height	6
condition	6
session_id	6
DOB	5
manufacturers_model_name	5
manufacturer	5
institution_id	5
date_of_scan	5
size	5
satisfaction	4
mental_health_questions	4
mri_variables	4
nih_toolbox	4
other	4
perceived_health_rating	4
health_rating	4
kbit2_vas	4
scid5	4
urinalysis	4
dominant_hand	4
BIS	4
urine_chemistry	4
vitamin_levels	4
whodas	4
Experiment_Date	4
lipid	4
infectious_disease	4
blood_chemistry	4
hepatic	4
eligibility	4
MRI	4
MEG	4
bmi	4
ace	4
acute_care	4
audit	4
bai	4
bdi	4
MMSE	4
cbc_with_differential	4
clinical_variable_form	4
demographics	4
drug_use	4
ehi	4
figs	4
health_history_questions	4
education_years	4
hematology	4
genotype	3
Progesterone (pg/ml)	3
site	3
BAS-rewards	3
Estrogen (pg/ml)	3
scanner	3
NEO_C	3
NEO_A	3
NEO_O	3
NEO_E	3
NEO_N	3
Edinburgh	3
visual_impairment_specify	3
exclusion	3
education	3
raven_score	3
dataset	3
Handedness	3
BAS-drive	3
diabetes	3
IQ_Raven	3
scan_time	3
age_ses-T2	3
age_ses-T1	3
BAS-fun seeking	3
Run3_Included	2
rs_error	2
tsw_error	2
Run4_Included	2
a_date	2
SOC_prob_minmoves	2
tsw_rt	2
tsa_rt	2
Run2_Included	2
Run1_Included	2
cesd_r	2
rs_rt	2
Participant_Included	2
SOC_meanmoves2	2
Temperature	2
Group	2
SOC_meanmoves3	2
SOC_meanmoves4	2
exclude	2
SOC_meanmoves5	2
Weight	2
b_date	2
SSP_spanlength	2
birthdate_shifted	2
SLD_datetime	2
tsa_error	2
exam_date	2
SLI_datetime	2
high_density_grid	2
field	2
STAI_T	2
coil	2
breathing	2
sedation	2
mental_illness_history_specify	2
mental_illness_history	2
visual_impairment	2
education_category	2
religious_now	2
efl	2
education_specify	2
inclusion	2
comment	2
L1	2
kept	2
notes	2
AgeGroup	2
regular_medication	2
regular_medication_specify	2
iq	2
edinburgh_hand_r	2
SSD_datetime	2
SSI_datetime	2
VLD_datetime	2
VLI_datetime	2
VSD_datetime	2
VSI_datetime	2
edinburgh_hand_l	2
task	2
height_in	2
current_smoker	2
acq_date	2
weight_lbs	2
bodyfat	2
recreational_drugs_specify	2
IQ	2
recreational_drugs	2
previous_smoker_specify	2
previous_smoker	2
RVP_latency_md	2
T1w_date	2
RVP_latancy_mean	2
MRI_vendor	2
ERQ processing	2
ERQ expression	2
Loneliness	2
Marital status	2
Education level (1-9)	2
anat_contrast	2
anat_sequence	2
MRI_field_strength	2
anesthesia_heart_rate	2
ERQ reappraisal	2
anesthesia_breathing_rate	2
Employment	2
MOT_latency_mean	2
rat_weight	2
rat_age	2
rat_sex	2
rat_strain	2
dataset_id	2
RVP_falsealarms	2
PSWQ	2
type	2
ses02_protocol	2
handedness score	2
virus	2
educ	2
cardiovascular	2
tumor type & grade	2
bsl	2
tumor location	2
fmri TR	2
ses01_protocol	2
STAI	2
age_ses02	2
family_id	2
date_run	2
mouse_sex	2
mouse_strain	2
exp_group	2
diagnosis	2
rest	2
MOT_latency_md	2
ERQ suppression	2
RTI_simpleMT_md	2
RVP_probhit	2
RTI_simpleMT_sd	2
RTI_five_accuracy	2
RTI_simpleMT_mean	2
RTI_simpleRT_sd	2
RTI_simpleRT_md	2
date	2
RTI_simpleRT_mean	2
RTI_simple_accuracy	2
RTI_fiveMT	2
RTI_fiveRT	2
Race	2
Education	2
RTI_fiveRT_sd	2
RTI_fiveMT_md	2
RVP_A	2
RTI_fiveMT_mean	2
RTI_fiveMT_sd	2
MOT_error_mean	2
background_SES	1
has_Y3ZHP	1
panas-actual_ha	1
IST_fluid	1
has_Y4CMP	1
ImmScore	1
first_language	1
qc_comments	1
education_level	1
panas-actual_n	1
panas-actual_lan	1
headcase	1
IST_crystallised	1
IST_memory	1
ICD-10_ses-pre	1
IST_intelligence_total	1
AGE	1
VVNonWord_run-01_date	1
VVNonWord_run-02_date	1
VVWord_run-01_date	1
VVWord_run-02_date	1
Syllogisms_run-01_date	1
DWI_TR_run1	1
Syllogisms_run-02_date	1
religious_importance	1
Transitive_run-01_date	1
Transitive_run-02_date	1
religious_upbringing	1
HEARING LOSS	1
BAS_drive	1
THI	1
DURATION of TINNITUS	1
CONTROLS	1
gender_identity_F	1
TINNITUS PARTICIPANTS	1
gender_identity_M	1
sexual_attraction_F	1
sexual_attraction_M	1
BAS_reward	1
BAS_fun	1
has_Y3CMH	1
has_Y3MRP	1
current_smoker_specify	1
cardiovascular_disease	1
Diagn	1
MC-SDS_ses-post	1
MC-SDS_ses-pre	1
BDI_ses-post	1
SRC	1
Dpre	1
Dpost	1
PBIpre	1
PBIpost	1
has_Y1CMH	1
num_sessions	1
RRS-depr_ses-post	1
RRS-brooding_ses-post	1
RRS-reflection_ses-post	1
RRS-sum_ses-post	1
BDI_ses-pre	1
Zung_SDS_ses-post	1
Zung_SDS_ses-pre	1
MADRS_ses-post	1
MADRS_ses-pre	1
impacts	1
TAS-26_ses-pre	1
has_Y2ZHH	1
TAS-26_ses-post	1
AAWord_run-02_date	1
has_Y2MRC	1
has_Y2CMH	1
ICD-10_ses-post	1
has_Y1ZHH	1
alcohol_consumption	1
alcolhol_drinking_days	1
panas-actual_han	1
alcohol_number_drinks	1
alcohol_notes	1
has_Y1MRC	1
RRS-depr_ses-pre	1
RRS-brooding_ses-pre	1
RRS-reflection_ses-pre	1
RRS-sum_ses-pre	1
ECR-anx_ses-post	1
ECR-avoid_ses-post	1
ECR-anx_ses-pre	1
ECR-avoid_ses-pre	1
Sport frequency (compared to pre-op)	1
perceived_stress	1
AAWord_run-01_date	1
CAQ_TheaterAndFilm	1
ATTA_VerbalFluency	1
ATTA_VerbalOriginality	1
ATTA_VerbalProvocativeQuestions	1
ATTA_VerbalHumor_ConceptualIncongruity	1
ATTA_VerbalFutureOrientation	1
ATTA_VerbalEmotions_Feelings	1
ATTA_VerbalRichnessAndColourfulnessOfImagery	1
ATTA_VerbalCreativity	1
CAQ_VisualArts	1
CAQ_ScientificDiscovery	1
quiz_score	1
CAQ_Music	1
CAQ_Inventions	1
CAQ_Humor	1
CAQ_Dance	1
CAQ_CulinaryArts	1
CAQ_CreativeWriting	1
CAQ_ArchitecturalDesign	1
CAQ_Overall	1
CBI_Overall	1
ATTA_VisualOriginality	1
ATTA_VisualElaboration	1
ATTA_VisualFlexibility	1
ATTA_VisualOpenness	1
atCoder_Rate	1
recruite_Criteria	1
edinburgh_LQ	1
Unnamed: 6	1
Unnamed: 5	1
EF	1
rLEF	1
comprehension	1
feedback_type	1
ATTA_VisualAbstractDesign	1
ATTA_VisualFantasy	1
ATTA_VisualEmotion	1
ATTA_VisualInternalPerspective	1
ATTA_VisualSynthesis	1
ATTA_VisualContext	1
ATTA_VisualAbstractTitle	1
ATTA_VisualRichness	1
ATTA_VisualMvtOrSound	1
ATTA_VisualDiffPerspective	1
final_dB	1
panas-ideal_ha	1
AANonWord_run-02_date	1
OverallEligibility	1
Unnamed: 18	1
Number_Runs_Included	1
Run5_Included?	1
Run4_Included?	1
Run3_Included?	1
Run2_Included?	1
Run1_Included?	1
Number_Good_Runs	1
Reason_Participant_Removed?	1
Run5_Eligibility	1
height (cm)(pre-op)	1
Run4_Eligibility	1
Run3_Eligibility	1
Run2_Eligibility	1
Run1_Eligibility	1
Participant_Scanned?	1
ses-rest	1
native_english	1
Alcohol use (compared to pre-op)	1
Cafeine use (compared to pre-op)	1
Surgery_date	1
run-1	1
run-2	1
run-3	1
dMRI	1
excluded_rs-fMRI_sessions	1
rs-fMRI 7	1
rs-fMRI 6	1
rs-fMRI 5	1
rs-fMRI 4	1
rs-fMRI 3	1
rs-fMRI 2	1
rs-fMRI 1	1
DOB 	1
weight (kg)(pre-op)	1
shifted_birthdate	1
handedness 	1
GPA	1
Yrs_Education	1
Weight_lbs	1
Height_inches	1
Unnamed: 15	1
run-4	1
performance_Training	1
performance_MRI	1
performance_Subcategory	1
analysis_id	1
ECR-avoid	1
TAS-26	1
MC-SDS	1
HADS-depr	1
HADS-anx	1
BDI	1
Zung_SDS	1
MADRS	1
ICD-10	1
table1 codes,bids code,age,gender,group	1
insulin_change	1
total_calorie_intake	1
Smoking (compared to pre-op)	1
state_anxiety	1
psqi	1
poms_confusion	1
poms_fatigue	1
poms_vigor	1
poms_anger	1
poms_depression	1
ECR-anx	1
RRS-sum	1
RRS-reflection	1
RRS-brooding	1
AANonWord_run-01_date	1
WJ-III_WA_StS	1
WJ-III_WordID_StS	1
shifted_dob	1
soccer_exp	1
panas-ideal_hap	1
svt	1
Shipley	1
From_which_age_lived_inGerman_speaking_country	1
How_long_lived_inGerman_speaking_country_years	1
Level	1
From_which_age	1
How_long_learnt_German_years	1
Where_learnt_German	1
speaker	1
panas-ideal_p	1
panas-ideal_lap	1
panas-ideal_la	1
RRS-depr	1
poms_tension	1
DWI_TR_run3	1
panas-ideal_lan	1
ses-2_glucose_t-60	1
ses-2_glucose_t-15	1
ses-2_glucose_t-0	1
ses-1_glucose_t-120	1
ses-1_glucose_t-90	1
ses-1_glucose_t-60	1
ses-1_glucose_t-30	1
panas-ideal_han	1
ses-1_glucose_t-15	1
ses-1_glucose_t-0	1
ses-2_SPT	1
ses-1_SPT	1
ses-2_ssb_days	1
ses-2_ssb_total	1
ses-2_lcs_days	1
ses-2_lcs_total	1
ses-1_ssb_days	1
ses-1_ssb_total	1
ses-1_lcs_days	1
ses-1_lcs_total	1
ses-2_glucose_t-30	1
ses-2_glucose_t-90	1
hormone_group	1
ses-2_glucose_t-120	1
handgrip_condition	1
session_label	1
participant_id.1	1
panas-ideal_n	1
validation_session	1
ADHD_medication	1
ADHD_diagnosis	1
ses-2_insulin_t-120	1
ses-2_insulin_t-90	1
ses-2_insulin_t-30.1	1
ses-2_insulin_t-30	1
ses-2_insulin_t-15	1
ses-2_insulin_t-0	1
ses-1_insulin_t-120	1
ses-1_insulin_t-90	1
ses-1_insulin_t-60	1
ses-1_insulin_t-30	1
ses-1_insulin_t-15	1
ses-1_insulin_t-0	1
DWI_TR_run2	1
hearing_impairment	1
missing_scans	1
ses-post_task-MRS_1st	1
QC_ses-post_task-rest_1excludeRecommend_0goodTouse	1
QC_ses-pre_task-rest_1excludeRecommend_0goodTouse	1
QC_ses-post_anat-lc_1excludeRecommend_0goodTouse	1
QC_ses-pre_anat-lc_1excludeRecommend_0goodTouse	1
QC_ses-post_anat-wholebrain_1excludeRecommend_0goodTouse	1
QC_ses-pre_anat-wholebrain_1excludeRecommend_0goodTouse	1
QC_ses-post_task-stress_1excludeRecommend_0goodTouse	1
QC_ses-pre_task-stress_1excludeRecommend_0goodTouse	1
QC_ses-home_task-practice_1excludeRecommend_0goodTouse	1
ses-post_task-MRS_2nd	1
ses-pre_task-MRS	1
ses-pre_anat-lc	1
ses-post_task-ultimatumGame	1
ses-post_task-ultimatumGame_behavior	1
ses-post_task-trainingMimicking_ASL	1
ses-post_task-trainingMimicking	1
ses-post_task-rest_ASL	1
ses-pre_task-rest_ASL	1
ses-post_task-emotionRegulation	1
ses-pre_task-emotionRegulation	1
ses-post_task-rest	1
ses-pre_task-rest	1
QC_ses-pre_task-emotionRegulation_1excludeRecommend_0goodTouse	1
QC_ses-post_task-emotionRegulation_1excludeRecommend_0goodTouse	1
QC_ses-pre_task-rest_ASL_1excludeRecommend_0goodTouse	1
QC_ses-post_task-rest_ASL_1excludeRecommend_0goodTouse	1
Sevofluran level start BOLD (%)	1
Status Epileptikus before MRI	1
cluster-seizures before MRI	1
interictal behavioural changes	1
postictal agression	1
Annfalsstyp	1
Time between first seizure to MRI	1
Time between last reported seizure to MRI	1
Medical treatment at the timepoint of MRI	1
displament mean relative (mm)	1
displacematn mean absolut (mm)	1
Body weight (kg)	1
gender 	1
age (years)	1
breed-phenotype	1
ChQ-ME	1
note-ses-home-practice	1
note_ses-post_MRIdata	1
note_ses-pre_MRIdata	1
QC_ses-post_task-trainingMimicking_ASL_1excludeRecommend_0goodTouse	1
QC_ses-post_task-trainingMimicking_1excludeRecommend_0goodTouse	1
ses-post_anat-lc	1
ses-post_anat-wholebrain	1
PANAS_ses-07_aft_neg	1
MC-SDS-pre	1
RRS-brooding-pre	1
RRS-reflection-pre	1
RRS-sum-pre	1
ECR-anx-post	1
ECR-avoid-post	1
ECR-anx-pre	1
ECR-avoid-pre	1
TAS-26-post	1
TAS-26-pre	1
MC-SDS-post	1
BDI-post	1
ses-pre_anat-wholebrain	1
BDI-pre	1
Zung_SDS-post	1
Zung_SDS-pre	1
MADRS-post	1
MADRS-pre	1
ICD-10-post	1
ICD-10-pre	1
PANAS_ses-08_aft_neg	1
PANAS_ses-08_aft_pos	1
PANAS_ses-08_bef_neg	1
RRS-depr-pre	1
RRS-sum-post	1
RRS-reflection-post	1
RRS-brooding-post	1
ses-post_task-stress	1
ses-pre_task-stress	1
ses-home_task-practice	1
ses-post_task-labHRV	1
ses-pre_task-labHRV	1
ses-calibration_task-labHRV	1
task-recognition	1
task-recall	1
ses-post_task-SART	1
ses-pre_task-SART	1
ses-post_task-NIHcognition	1
ses-pre_task-NIHcognition	1
BloodPlasma	1
sleep	1
Questionnaire	1
MRI_post	1
MRI_pre	1
age_group	1
code_in_Supplementary_Table1	1
first_condition	1
RRS-depr-post	1
Sevofluran level end BOLD (%)	1
HF (/min)	1
RR (/min)	1
ImAcq_vivid_Csmi	1
VisAcq_effort_Csmi	1
VisAcq_effort_Cspi	1
VisAcq_vivid_Csmi	1
VisAcq_vivid_Cspi	1
ImAcq_fear_Csmv	1
ImAcq_fear_Cspv	1
ImAcq_fear_Csmi	1
ImAcq_fear_Cspi	1
ImAcq_effort_Csmi	1
ImAcq_effort_Cspi	1
ImAcq_vivid_Cspi	1
design	1
VisAcq_Csp	1
ImAcq_Csp	1
Set_1	1
participant_ID	1
years_of_education	1
G	1
psyrats	1
disease_duration	1
filename	1
LiteBook_use	1
VisAcq_fear_Cspi	1
VisAcq_fear_Csmi	1
VisAcq_fear_Cspv	1
VisAcq_fear_Csmv	1
electronic_braille_display_test_600ms	1
electronic_braille_display_test_900ms	1
tactile_braille_words_reading_6th_set_posttest	1
tactile_braille_words_reading_5th_set_posttest	1
tactile_braille_words_reading_4th_set_posttest	1
tactile_braille_words_reading_3rd_set_posttest	1
tactile_braille_words_reading_2nd_set_posttest	1
tactile_braille_words_reading_1st_set_posttest	1
tactile_braille_numbers_reading_posttest	1
tactile_braille_letters_reading_posttest	1
tactile_braille_words_reading_6th_set_pretest	1
tactile_braille_words_reading_5th_set_pretest	1
tactile_braille_words_reading_4th_set_pretest	1
tactile_braille_words_reading_3rd_set_pretest	1
tactile_braille_words_reading_2nd_set_pretest	1
tactile_braille_words_reading_1st_set_pretest	1
tactile_braille_numbers_reading_pretest	1
tactile_braille_letters_reading_pretest	1
silent_reading_comprehention_test_accuracy	1
silent_reading_comprehention_test_time	1
braille_reading_hand	1
tactile	1
motor	1
visual	1
ftcd-fmri-delay-days	1
ftcd-SC	1
ftcd-WC	1
ftcd-PD	1
ftcd-SG	1
ftcd-WG	1
Thalamus	1
Basal	1
Wernike	1
Broca	1
hemisphere	1
post_score	1
pre_score	1
time_after_stroke	1
mb_order	1
error	1
resp	1
zemg	1
sham_cnf	1
sham_rpt	1
mod2	1
mod1	1
ftcd-SD	1
anesthesia_induction	1
nback_seq	1
anesthesia_induction_dose	1
ses02_T1w_acq	1
ses01_T1w_acq	1
Cortisolemia_variation	1
Cortisolemia_ses-2	1
Cortisolemia_ses-1	1
experimental_id	1
eTIV	1
GUID	1
mother_glucose	1
anesthesia_temperature	1
func_FA	1
func_TE	1
func_TR	1
func_sequence	1
anat_TE	1
anat_TR	1
anesthesia_breathing_assistance	1
anesthesia_post_induction_time	1
anesthesia_route	1
anesthesia_maintenance_dose	1
anesthesia_maintenance	1
PANAS_ses-08_bef_pos	1
PANAS_ses-07_aft_pos	1
educ_yr	1
aed	1
TM_run-03	1
TM_run-02	1
TM_run-01	1
F2F_run-04	1
F2F_run-03	1
F2F_run-02	1
F2F_run-01	1
grand_int_Su_CA_NaCl_Qu	1
grand_int_Su_CA_NaCl	1
season	1
engel 1 year	1
ever_consumed_alcohol	1
pathology	1
lobe surgery	1
type surgery	1
type iEEG	1
side	1
coverage	1
drugs_how_often	1
drugs_specify	1
recreational_drugs_last_6_months	1
standard_drinks_per_occasion	1
TM_run-04	1
Age_Sess1	1
Days-bet-Sess	1
Age_Sess2	1
participant_age	1
Ln_ses-02	1
Ln_ses-01	1
L1_ses-02	1
L1_ses-01	1
scanner_model	1
Ln	1
adhd	1
Weight (fcMRI Day 1)	1
Genotype	1
delta_preference	1
c_date	1
first_lang	1
yrs_education	1
RANDOM	1
SOCIAL	1
O	1
N	1
C	1
E	1
A	1
how_often	1
ever_smoked_average	1
PANAS_ses-07_bef_neg	1
admin.route	1
mental_illness_specify	1
body_weight	1
comm	1
tobc.totyears	1
tobc.day	1
tobc.lastyear	1
week.dose	1
days.last.use	1
coc.age.onset	1
years.begin	1
amai_score	1
ever_smoked	1
amai	1
ed_score	1
laterality	1
work_threeyears	1
work_thirtydays	1
child_num	1
child	1
civil_st	1
income	1
occup	1
mental_illness_family_history	1
mental_illness_family_history_specify	1
dementia_suspec_dx_family	1
neurological	1
current_tobacco_average_per_day	1
current_tobacco	1
family_history_dementia_ever_diagnosed	1
family_history_dementia_specify	1
family_history_dementia	1
personal_history_mental_illness_ever_diagnosed.1	1
family_health_mental_illness_specify	1
family_history_mental_illness	1
personal_history_mental_illness_receive_treatment	1
personal_history_mental_illness_ever_diagnosed	1
personal_history_mental_illness	1
hearing_specify	1
panas-actual_lap	1
visual_impairments	1
english_as_first_language	1
highest_level_education_completed	1
hb	1
dose	1
standard_drinks_per_drinking_day	1
alcohol_days_per_week	1
medication_last24hr	1
group_won_game	1
sub_reach_n3	1
memory_face_game	1
drift_fading_240	1
control_own_240	1
control_own_120	1
control_own_60	1
control_own_30	1
control_own_15	1
test_own_240	1
test_own_120	1
test_own_60	1
test_own_30	1
test_own_15	1
drift_fading_120	1
memory_face_game_Z_score	1
drift_fading_60	1
drift_fading_30	1
drift_fading_15	1
drift_emerg_240	1
drift_emerg_120	1
drift_emerg_60	1
drift_emerg_30	1
mislocalization	1
IAcc	1
R_8000	1
PANAS_ses-01_bef_pos	1
PANAS_ses-01_bef_neg	1
PANAS_ses-01_aft_pos	1
PANAS_ses-01_aft_neg	1
PANAS_ses-07_bef_pos	1
PANAS_ses-06_aft_neg	1
PANAS_ses-06_aft_pos	1
PANAS_ses-06_bef_neg	1
PANAS_ses-06_bef_pos	1
PANAS_ses-05_aft_neg	1
PANAS_ses-05_aft_pos	1
PANAS_ses-05_bef_neg	1
PANAS_ses-05_bef_pos	1
PANAS_ses-04_aft_neg	1
PANAS_ses-04_aft_pos	1
PANAS_ses-04_bef_neg	1
PANAS_ses-04_bef_pos	1
PANAS_ses-03_aft_neg	1
PANAS_ses-03_aft_pos	1
PANAS_ses-03_bef_neg	1
PANAS_ses-03_bef_pos	1
PANAS_ses-02_aft_neg	1
PANAS_ses-02_aft_pos	1
PANAS_ses-02_bef_neg	1
PANAS_ses-02_bef_pos	1
R_6000	1
R_4000	1
R_2000	1
treatment_2	1
anesthesia	1
experiment_id	1
total_quiz_questions	1
correct_quiz_questions	1
VMIQ	1
EHI	1
HDT 	1
        age	1
ses-9_date_ST	1
ses-7_date_ST	1
ses-5_date_ST	1
handedness_ses-9	1
handedness_ses-7	1
handedness_ses-5	1
birthdate	1
rest_voldiff	1
flair_slicediff	1
openneuro	1
agegroup	1
memory_maze_game_Z_score	1
memory_maze_game	1
treatment_1	1
treatment_3	1
R_1000	1
treatment_4	1
R_500	1
R_250	1
L_8000	1
L_6000	1
L_4000	1
L_2000	1
L_1000	1
L_500	1
L_250	1
SHAPS	1
MFQ	1
scanning_date2	1
scanning_date1	1
iEEG_hemisphere	1
fMRI	1
iEEG	1
language_dominance_technique	1
language_dominance	1
medload	1
number_comorbid_dx	1
group_dx	1
panas-actual_la	1
upps_positive-urgency	1
panas-actual_p	1
AS36_inhibition_2nd-friend-rating	1
age at baseline 	1
cycle_phase_covariate	1
days_since_menstruationi	1
oral_contraceptive	1
appetite_post	1
appetite_pre	1
diet_importance	1
diet_success	1
TAO	1
RPM	1
AS36_inhibition_1st-friend-rating	1
CFLUNOVA	1
AS36_inhibition_self-rated	1
AS36_monitoring_2nd-friend-rating	1
AS36_monitoring_1st-friend-rating	1
AS36_monitoring_self-rated	1
AS36_switching_2nd-friend-rating	1
AS36_switching_1st-friend-rating	1
AS36_switching_self-rated	1
InternSx_f	1
InternSx_p	1
AnyAnx_f	1
age at onset first CB use	1
age at onset frequent CB use	1
cudit total baseline	1
cudit total follow-up	1
KSQ_WeekendRiseTime	1
KSQ_WeekdayRiseTime	1
KSQ_WeekendBedTime	1
KSQ_WeekdayBedTime	1
KSQ_SleepSymptomIndex	1
KSQ_SnoringSymptomIndex	1
KSQ_WakeupSymptomIndex	1
KSQ_SleepQualityIndex	1
ISI	1
HADS_Depression	1
HADS_Anxiety	1
EducationLevel	1
BMI2	1
BMI1	1
BOLD in VOI Olf	1
avg_rating	1
Id12items	1
Obvolume_mm3	1
MnExposition	1
audit total follow-up	1
audit total baseline	1
AnyAnx_p	1
SOCDx_f	1
SOCSx_f	1
nback2_nont	1
nback1_nont	1
nback0_targ	1
nback0_nont	1
parent_yrsschool	1
myrschool	1
fyrschool	1
z_dis_4grp	1
z_neg_4grp	1
z_pos_4grp	1
z_ra_4grp	1
z_em_4grp	1
z_wm_4grp	1
z_iq_4grp	1
DST_SCALE	1
SST_SCALE	1
LNS_SCALE	1
FAMILYPICT_SCALE	1
LOGIALMEMORY_SCALE	1
WAIS_MATRICS_SCALE	1
WAIS_VOCAB_SCALED	1
WCSTPSVE	1
nback1_targ	1
nback2_targ	1
GADDx_f	1
nback0_nont_medrt	1
GADSx_f	1
SADDx_f	1
SADSx_f	1
Imp_f	1
SOCDx_p	1
SOCSx_p	1
GADDx_p	1
GADSx_p	1
SADDx_p	1
SADSx_p	1
Imp_P	1
jsex	1
ScanAge	1
poverty	1
study_group	1
first_ses	1
nback2_targ_medrt	1
nback2_nont_medrt	1
nback1_targ_medrt	1
nback1_nont_medrt	1
nback0_targ_medrt	1
KSQ_NapFrequency	1
KSQ_NapDuration	1
KSQ_ConcernDisturbedSleep	1
PPIR_DR	1
PPIR_C	1
PPIR_STI	1
PPIR_FE	1
PPIR_SOI	1
PPIR_CN	1
PPIR_BE	1
PPIR_RN	1
PPIR_ME	1
SicknessQ_byScanner.y	1
PAn/aS_Negative_byScanner.y	1
PAn/aS_Positive_byScanner.y	1
SRH5_byScanner.y	1
SelfRatedHealth_byScanner.y	1
SicknessQ_byScanner.x	1
PAn/aS_Negative_byScanner.x	1
PAn/aS_Positive_byScanner.x	1
SRH5_byScanner.x	1
SelfRatedHealth_byScanner.x	1
StrategyARROWS	1
FellAsleepSession2	1
FellAsleepSession1	1
PPIR_VR	1
PPIR_IR15	1
PVTMotivation1	1
PPIR_IR40	1
LSHSaudit_items57	1
LSHSvoice_items4910	1
LSHS_14	1
IQverbal	1
TR_class	1
Self-Transcedence (ST)	1
Cooperativeness (CO)	1
Self-Directedness (SD)	1
Persistence (P)	1
Reward Dependence (RD)	1
Novelty Seeking (NS)	1
Harm Avoidance (HA)	1
Age (years)	1
Trial	1
Sl_cond	1
BADD_Memory	1
BADD_Affect	1
BADD_Effort	1
BADD_Attention	1
BADD_Activation	1
BADD_Total	1
PVTMotivation1.1	1
PVTEffort2	1
KSQ_Panic	1
PAn/aS_Negative	1
BFI_Openness	1
BFI_Neuroticism	1
BFI_Conscientiousness	1
BFI_Agreeableness	1
BFI_Extraversion	1
TAS20_EOT	1
TAS20_DDF	1
TAS20_DIF	1
TAS20_Total	1
IRI_F	1
IRI_PD	1
IRI_PT	1
IRI_EC	1
KSQ_MorningOrEveningPerson	1
KSQ_OverallSleepQuality	1
KSQ_TotalSleepRequirement	1
KSQ_HealthProblem	1
KSQ_EnoughSleep	1
KSQ_ConcernFatigue	1
KSQ_CompensatoryMorningSleep	1
KSQ_Worry	1
PAn/aS_Positive	1
PSS14	1
PVTEffort1	1
SelfRatedHealth	1
GeneralImpression2	1
GeneralImpression1	1
OtherDrugs	1
Contraceptives	1
TestTimeType_2	1
TestTimeType_1	1
SawThroughZPG	1
SawThroughEMGElectrodes	1
EverBeenInStudyBefore	1
SleepDeprivedSession2	1
SleepDeprivedSession1	1
MenstrualPhaseSession2	1
MenstrualPhaseSession1	1
BIS11_Nonplanning	1
BIS11_Motor	1
BIS11_Attentional	1
BIS11_Total	1
ECS	1
SicknessQ	1
ESS	1
SRH5	1
TRAILB	1
LFLUNOVS	1
panas-actual_hap	1
BIS/BAS_BAS	1
DOSPERT_RP-FIN	1
DOSPERT_RP-ETH	1
DOSPERT_RT-TOTAL	1
DOSPERT_RT-SOC	1
DOSPERT_RT-REC	1
DOSPERT_RT-HLTH/SAF	1
DOSPERT_RT-FIN	1
DOSPERT_RT-ETH	1
BIS/BAS_BIS	1
TOTAL	1
BIS/BAS_BAS-DRIVE	1
d4prime	1
BIS/BAS_BAS-FUNSEEK	1
BIS/BAS_BAS-REWRESP	1
BIS_TOTAL	1
BIS_NP	1
BIS_MOTOR	1
BIS_ATTN	1
SEEK_TOTAL	1
SENS.4	1
SEEK.1	1
SEEK_THRILL	1
DOSPERT_RP-HLTH/SAF	1
DOSPERT_RP-REC	1
DOSPERT_RP-SOC	1
DOSPERT_RP-TOTAL	1
ScannerSerialNumber	1
taskswitch	1
T1w	1
stopsignal	1
scap	1
pamret	1
pamenc	1
dwi	1
bht	1
bart	1
PANAS_(Post-Pre)-Strong	1
PANAS_(Post-Pre)-Upset	1
PANAS_(Post-Pre)-Excited	1
PANAS_(Post-Pre)-Distressed	1
PANAS_(Post-Pre)-Interested	1
DOSPERT_EB-TOTAL	1
DOSPERT_EB-SOC	1
DOSPERT_EB-REC	1
DOSPERT_EB-HLTH/SAF	1
DOSPERT_EB-FIN	1
DOSPERT_EB-ETH	1
SENS.3	1
SEEK	1
SEEK_EXP	1
CARE_NEGCONS-DRINKING	1
CARE_NEGCONS-AGGR/ILLEG	1
CARE_NEGCONS-DRUG	1
CARE_ENGAGING-TOTAL	1
CARE_ENGAGING-SPORTS	1
CARE_ENGAGING-DRINKING	1
CARE_ENGAGING-SEX	1
CARE_ENGAGING-AGGR/ILLEG	1
CARE_ENGAGING-DRUG	1
GABS_TOTAL	1
b_AN-SN	1
b_k	1
b_NumExplAvg	1
b_TotalAmt_Avg	1
b_NumPumps_Avg	1
b_SSRTquant	1
m_AN-SN	1
m_logit_k	1
m_NumExplAvg	1
m_TotalAmt_Avg	1
m_NumPumps_Avg	1
m_SSRTquant	1
CARE_NEGCONS-SEX	1
CARE_NEGCONS-SPORTS	1
SENS.2	1
CARE_NEGCONS-TOTAL	1
SEEK_DISINHIB	1
SENS.1	1
SEEK_BOREDOM	1
SENS	1
SEEN	1
REFLECTION_NUM.1	1
COG.2	1
REFLECTION_CONFIDENCE	1
COG.1	1
CORR	1
REFLECTION_NUM	1
COG	1
COG_TOTAL	1
FOR	1
NEED	1
CARE_POSCONS-TOTAL	1
CARE_POSCONS-SPORTS	1
CARE_POSCONS-DRINKING	1
CARE_POSCONS-SEX	1
CARE_POSCONS-AGGR/ILLEG	1
CARE_POSCONS-DRUG	1
ghost_NoGhost	1
hearing_problems_current	1
hearing_problems_past	1
forrest_ad_fatigue	1
forrest_ad_rating	1
forrest_ad_known	1
forrest_seen_languages	1
forrest_seen_count	1
forrest_seen_dist	1
forrest_seen	1
musician_act3_endage	1
musician_act3_startage	1
musician_act3_duration	1
musician_act3	1
musician_act2_endage	1
musician_act2_startage	1
musician_act2_duration	1
musician_act2	1
musician_act1_endage	1
musician_act1_startage	1
musician_act1_duration	1
musician_act1	1
musician_other_activities	1
musician_conductor	1
musician_improv_style	1
forrest_ad_storydepth	1
forrest_ad_feeling	1
musician_instruments	1
forrest_ad_artist_count	1
sans25	1
sans22	1
sans17	1
sans13	1
sans8	1
saps34	1
saps25	1
saps20	1
saps7	1
yrschool	1
condit	1
vision_problems_past	1
vision_problems_current	1
audioq8	1
audioq7	1
audioq6	1
audioq5	1
audioq4	1
audioq3	1
audioq2	1
audioq1	1
musician_improv	1
musician_style3	1
absolute_pitch	1
music_training_improv	1
music_training_history	1
music_training_analytics	1
music_training_composition	1
music_training_harmonics	1
h√∂rtraining	1
language4_write	1
language4_read	1
language4_comprehend	1
language4_speak	1
french_write	1
french_read.1	1
french_comprehend	1
french_read	1
english_write	1
english_read	1
english_comprehend	1
english_speak	1
german_write	1
german_read	1
german_comprehend	1
german_speak	1
music_training_other	1
melodic_stability	1
musician_style2	1
listen_preference1_genre	1
musician_style1	1
music_lover	1
musician	1
favorite_music_examples	1
concert_preference3_duration	1
concert_preference3_genre	1
concert_preference2_duration	1
concert_preference2_genre	1
concert_preference1_duration	1
concert_preference1_genre	1
background_preference3_duration	1
background_preference3_genre	1
background_preference2_duration	1
background_preference2_genre	1
background_preference1_duration	1
background_preference1_genre	1
listen_preference3_duration	1
listen_preference3_genre	1
listen_preference2_duration	1
listen_preference2_genre	1
listen_preference1_duration	1
VisualScore	1
VisScore_high	1
DELUproneness	1
age_ses-T1_AVNonWord_run-01	1
age_ses-T2_T1w	1
age_ses-T2_phenotype	1
age_ses-T1_dwi	1
age_ses-T1_VVWord_run-02	1
age_ses-T1_VVWord_run-01	1
age_ses-T1_VVNonWord_run-02	1
age_ses-T1_VVNonWord_run-01	1
age_ses-T1_AVWord_run-02	1
age_ses-T1_AVWord_run-01	1
age_ses-T1_AVNonWord_run-02	1
age_ses-T1_AAWord_run-02	1
Hits	1
age_ses-T1_AAWord_run-01	1
age_ses-T1_AANonWord_run-02	1
age_ses-T1_AANonWord_run-01	1
age_ses-T1_T1w	1
age_ses-T1_phenotype	1
HR	1
SpO2	1
include_final	1
total_runs	1
include-run-03	1
age_ses-T2_VVNonWord_run-01	1
age_ses-T2_VVNonWord_run-02	1
age_ses-T2_VVWord_run-01	1
age_ses-T2_VVWord_run-02	1
pum1	1
pim1	1
puc2	1
pic2	1
puc1	1
pic1	1
cesd	1
trait	1
state	1
stai	1
psp	1
rmntn	1
mgnftn	1
hlpnss	1
pcs	1
pi	1
fm_years	1
researcher	1
software_versions	1
receive_coil_name	1
institution	1
include-run-02	1
include-run-01	1
Edinburgh_Handedness	1
rt_voices	1
d'_voices	1
difference_PC	1
PC_bells_lab	1
PC_voices_lab	1
mean_RT_chloe	1
RT_chloe4	1
RT_chloe3	1
RT_chloe2	1
RT_chloe1	1
mean_RT_betty	1
RT_betty4	1
RT_betty3	1
RT_betty2	1
RT_betty1	1
mean_RT_anne	1
RT_anne4	1
RT_anne3	1
RT_anne2	1
RT_anne1	1
mean_PC_chloe	1
PC_chloe4	1
d'_bells	1
rt_bells	1
HandednessPerformance_Handedness	1
study_id	1
NeurologicalQuestionnaire_Eligibility	1
exclude_reason	1
immers_active_l2(log)	1
years_active_l2(log)	1
l2_social	1
l2_home	1
immersion(log)	1
aoa(log)	1
Otherlang_exposure	1
qpt_score	1
dbs_stim_freq	1
hypomania	1
responder	1
madrs_fu	1
madrs_bl	1
ybocs_fu	1
ybocs_bl	1
dx	1
eeg	1
mri	1
behavior	1
pim2	1
pum2	1
dpic	1
cpt-ii_variability	1
cpt-ii_hit-rt	1
cpt-ii_commissions	1
cpt-ii_omissions	1
cpt-ii_adhd-index	1
stroop_t-score-interference	1
stroop_t-score-color-word	1
stroop_t-score-word	1
stroop_t-score-color	1
flanker_numwrong-incong	1
flanker_numwrong-cong	1
flanker_diff-rt-incong-cong	1
sss_total	1
sss_bs	1
sss_dis	1
sss_es	1
sss_tas	1
tpq-ns_disorder	1
tpq-ns_extravagance	1
tpq-ns_imp	1
tpq-ns_exploratory_excit	1
bisbas_bis	1
cpt-ii_hit-se	1
cpt-ii_detectability	1
bisbas_bas-fun-seeking	1
cpt-ii_response-style	1
tova_adhd-score	1
tova_omission-err-total	1
tova_omission-err-second-half	1
tova_omission-err-first-half	1
tova_commission-err-total	1
tova_commission-err-second-half	1
tova_commission-err-first-half	1
tova_dprime-total	1
tova_dprime-second-half	1
tova_dprime-first-half	1
tova_rt-total	1
tova_rt-second-half	1
tova_rt-first-half	1
tova_rt-var-total	1
tova_rt-var-second-half	1
tova_rt-var-first-half	1
cpt-ii_hit-se-isi-change	1
cpt-ii_hit-rt-isi-change	1
cpt-ii_hit-se-block-change	1
cpt-ii_hit-rt-block-change	1
cpt-ii_perseverations	1
bisbas_bas-reward-respons	1
bisbas_bas-drive	1
dpuc	1
fmri_scan_date	1
yrs_edu	1
Post_hoc_Analysis_Participant_Included	1
time	1
Eating_Disorder	1
Medications_Drug_use	1
Traumatic_Head_injury	1
Mental_Health_Disorder	1
Neurological_Disorder	1
Learning_Attention_Disorder	1
Vision	1
Ethnicity	1
height_total_inches	1
height_ft	1
Button_order	1
Task_order	1
rs_runs	1
efs_runs	1
duration	1
protocol	1
dpum	1
dpim	1
race_ethnicity	1
pet_scan_date	1
upps_sens-seek	1
scan_date_difference	1
upps_lack-pers	1
upps_lack-premed	1
upps_negative-urgency	1
kirby-long-prop-LL	1
kirby-short-prop-LL	1
neo-n_vuln-to-stress	1
neo-n_impulsive	1
neo-n_self-conscious	1
neo-n_depression	1
neo-n_hostility	1
neo-n_anxiety	1
bis-11_cog_instability	1
bis-11_perseverance	1
bis-11_cog_complex	1
bis-11_self-control	1
bis-11_motor	1
bis-11_attention	1
bis-11_nonplan_impuls	1
bis-11_motor_impuls	1
bis-11_attn_impuls	1
fallypride_injected_dose_specific_activity	1
PC_chloe3	1
PC_chloe2	1
PC_chloe1	1
STROOP color	1
CERAD Construtional praxis (delayed)	1
CERAD Constructional praxis	1
WAIS-III digits test	1
WSM-III logical memory II	1
WMS-III logical memory I	1
CERAD word list	1
design_order5	1
design_order4	1
design_order3	1
design_order2	1
design_order1	1
Scanlog: Slice Gap	1
Scanlog: Voxel slize	1
Scanlog: Coil	1
Scanlog: Scanner	1
DCCS Summary	1
KBIT_standard	1
KBIT_raw	1
WPPSI BD scaled	1
WPPSI BD raw	1
FB_Group	1
STROOP reading	1
STROOP interference	1
ToM Booklet-Matched-NOFB	1
TMT A	1
weight (kg)	1
height (cm)	1
tumor size (cub cm)	1
 age	1
 sex	1
problem	1
source	1
number_of_scans_before	1
age_at_first_scan_years	1
mem_score	1
EstimateOfHoursPlayingActionVideoGamesPerweekInLastYear	1
ageAtFirstScanYears	1
gender_F	1
OSITJ	1
ACER	1
Total rest minutes	1
Native English Only	1
BNT	1
Semantic fluency	1
Phonetic fluency	1
TMT B	1
FB_Composite	1
ToM Booklet-Matched	1
Smoking	1
Zanarini-4	1
Zanarini-2	1
Zanarini-1	1
YMRS	1
HAM-D	1
restAcquisiotion	1
physioSampling	1
% Analgesia WOMAC	1
% Analsesia VAS	1
Response	1
Drug	1
study	1
Br	1
Pr	1
TRmean	1
TRcorrectRej	1
TRfalseAlarm	1
TRomission	1
TRhit	1
CorrectRejections	1
FalseAlarms	1
Omissions	1
Zanarini-3	1
Zanarini-5	1
Child_Adult	1
Zanarini-6	1
education_degree	1
threeback	1
twoback	1
oneback	1
raven_percent	1
age (5-year bins)	1
months_time2_time3	1
months_time1_time2	1
months_injury_time1	1
route_group	1
drug-3	1
drug-2	1
drug-1	1
CTQ-EmotNeglect	1
CTQ-PhysNeglect	1
CTQ-SexAbuse	1
CTQ-EmotAbuse	1
CTQ-PhysAbuse	1
Zanarini-9	1
Zanarini-8	1
Zanarini-7	1
Sport frequency/week	1
Cafeine index	1
mean_PC_betty	1
PC_run1	1
sp_proficiency_score	1
eng_proficiency_score	1
years_education	1
dominant_eye	1
affected_eye	1
RNFL_OS	1
RNFL_OD	1
vCD_OS	1
vCD_OD	1
VFI_OS	1
VFI_OD	1
VA_OS	1
VA_OD	1
Unnamed: 1	1
Unnamed: 2	1
isoflurane	1
med.route	1
med.infusion	1
med.bolus	1
breathing_rate	1
acquisition_date	1
num_lang	1
PC_run2	1
day_post_infusion	1
PC_run3	1
PC_betty4	1
PC_betty3	1
PC_betty2	1
PC_betty1	1
mean_PC_anne	1
PC_anne4	1
PC_anne3	1
PC_anne2	1
PC_anne1	1
mean_miss_ans	1
miss_ans_run4	1
miss_ans_run3	1
miss_ans_run2	1
miss_ans_run1	1
mean_RT	1
RT_run4	1
RT_run3	1
RT_run2	1
RT_run1	1
mean_PC	1
PC_run4	1
viral_vector	1
MRI_acquisition_date	1
Alcohol index current	1
smoking_status	1
included_probe_after	1
follow_up	1
test_order	1
years_music	1
has_music	1
level_map	1
has_map	1
days_interval_between_ses01_and_ses02	1
age_exam_ses01	1
mcdecode	1
mcpassfluency	1
piat.r.raw	1
piat.l.raw	1
ctopp.rln.raw	1
ctopp.pa.comp	1
wasi.matr.raw	1
sspan2.raw	1
ppvt.raw	1
mrt	1
gptsa_score	1
Alcohol index lifetime	1
included_probe_follow_up	1
ses-T1_task-Mult_run-01	1
Viral_infusion_date	1
ses-T1_task-Mult_run-02	1
run4	1
run3	1
run2	1
run1	1
weight_fluctuation	1
concern_dieting	1
restraint_scale	1
dieting_status	1
scandate	1
ses-T2_task-Sub_run-02	1
ses-T2_task-Sub_run-01	1
ses-T2_task-Rhyming	1
ses-T2_task-Num_run-02	1
ses-T2_task-Num_run-01	1
ses-T2_task-Mult_run-02	1
ses-T2_task-Mult_run-01	1
ses-T1_task-Sub_run-02	1
ses-T1_task-Sub_run-01	1
ses-T1_task-Rhyming	1
ses-T1_task-Num_run-02	1
ses-T1_task-Num_run-01	1
electronic_braille_display_test_300ms	1
